draw,region,version,stage,mae_cv,rmse_cv,r2_cv,saved_at
MS,Asia,v1.0.0,Staging,472.2414444668001,689.2092054181419,0.9982987467450876,2026-05-10T09:45:30.188963
